{
    "defaultData": {
        "description": "%file% script run from service activation",
        "headline": "%file% from service activation suite",
        "hidden": false,
        "language": "python",
        "namespace": "ServiceActivation",
        "owner": "John Doe",
        "testCaseId": "SA.%file%",
        "testCaseName": "Service activation %file%",
        "commandSequence": [
            "%file% %parameterNameValuePairList%"
        ],
        "executionMessages": {
            "error": "^.*(ERROR|CRITICAL).*",
            "info": "^.*(DEBUG|INFO).*",
            "ok": "^.*(verified).*",
            "warning": "^.*(WARNING).*"
        },
        "timeout": 10,
        "verdictMethod": "EXIT_CODE_VERDICT_PARSING",
        "verdictParsing": {
            "failTest": "Finished: FAILED",
            "failTestIfPassing": "Failure number \\d+",
            "passTest": "Finished: PASSED",
            "passTestIfNotAlreadyFailed": "SUCCESS"
        }
    },
    "fileSets": [
        {
            "fileNameMatch": ".*\\.robot",
            "language": "python",
            "commandSequence": [
                "-m robot -b debug.txt --variable MESSAGE:%param_input_message% %file%",
                "robotPostProcessing.py"
            ],
            "parameters": [
                {   
                    "description": "message to echo",
                    "name": "input_message",
                    "type": "TEXT",
                    "value": "Hello, world!"
                },
                {   
                    "description": "failure count",
                    "name": "output_failureCount",
                    "type": "TEXT",
                    "value": "NA"
                }
            ],
            "extractedData": [
                {   
                    "pattern": "^\\d+ tests total, \\d+ passed, (\\d+) failed$",
                    "tag": "failureCount"
                }
            ],
            "verdictParsing": {
                "failTest": "Finished: FAILED|\\d+ tests total, \\d+ passed, [1-9]\\d* failed",
                "failTestIfPassing": "Failure number \\d+",
                "passTest": "\\d+ tests total, \\d+ passed, 0 failed",
                "passTestIfNotAlreadyFailed": "SUCCESS"
            }
        },
        {
            "fileNameMatch": ".*PostProcessing\\.py",
            "hidden": true
        },
        {
            "fileNameMatch": ".*helloworld\\.for\\.ndo\\.v8\\.py",
            "language": "python",
            "commandSequence" : [ "%file% --sleep %param_sleep%" ] ,
            "tags": [ "ubuntu 16.04", "ubuntu 18.04", "example" ],
            "parameters": [
                {
                    "description": "sleep time",
                    "name": "sleep",
                    "type": "TEXT",
                    "value": "2"
                }
            ],
            "extractedData": [
                {
                    "pattern": "^Final message: (.*)$",
                    "tag": "final"
                }
            ]
        },
        {
            "fileNameMatch": ".*\\.py",
            "language": "python",
            "parameters": [
                {
                    "description": "sleep time",
                    "name": "input_sleep",
                    "type": "TEXT",
                    "value": "2"
                },
                {
                    "description": "final message",
                    "name": "output_final",
                    "type": "TEXT",
                    "value": "NA"
                }
            ],
            "extractedData": [
                {
                    "pattern": "^Final message: (.*)$",
                    "tag": "final"
                }
            ]
        }
    ]
}
